Topics,DuplicateRoleUnitary,LaunRemDelegACL,FilterGlobalRoles,RemoveOgu,UpdateOGUConfirmation,RemoveACL,ShowMatchingOffices,UnlockOfficePop,UpdateOGUStep2,RemoveAttribute,UpdateOGUStep1,AssignACLStep3,AddOfficeDodFinish,RemoveDataToAcl,AddNewVLoginArea,AddDelegateVla,FilterRecPtsByOgu,DelRolesStep1,CreateSAP,DelRolesStep2,RemoveVLoginAreas,RefreshReports,RemoveAclLaunch,AssignACLtoRole,DuplicateSAPCmd,DisplayPrefValueConsumers,DisplayRelatedACL,AddApplication,FindAppInTree,CreateDataListStep1,UpdateOfficeProfile,CopyUser,DuplicateToUsrConfirmation,SearchOffice,EnterRmACLtoRole,DisplaySAP,SubmitExportApp,DisplayOneOffice,DisplayACLPartnerships,ChooseOrganization,FilterMetagroups,SaveAddRemoveSubRole,DisplayOnePartner,CreateSubAppACL,DisplayWebsOrg,UpdateAttribute,UpdateAppPop,StopBSPLink,RemoveSelectedDvla,DuplicateUser,SaveSignsTemplate,AcceptPartnership,ViewAssignUserPref,UpdateRoleStep1,ViewEditVLoginArea,SearchACLForDelegACL,EnterCreateData,RemoveACLtoRole,SetAsDefault,PopupEditDirectTFARule,UnLockDisplayedUser,SearchRoleForDelegACL,CreateACLConfirmation,FilterDataInTree,FilterUsrLoginAreas,SubmitExportSigns,DelegateVla,FilterByAppACL,SaveUserProfileSettings,RemoveVLoginArea,WarningDeleteUser,SaveTemplate,DelACLStep2,FilterConsumerUser,SearchAvailableData,DelACLStep1,TpfMassImport,SaveDelegatedVla,DeletePermPop,DisplayDelegatedACLsForCons,LoadOfficesTempl,AddSAPCmd,CreatePrefPop,MoveOgu,FilterRolesForApp,SearchACLForApp,LockOffice,DeleteDisplayedUser,SearchInTree,DelegateACLConf3,DelegateACLConf2,DelegateACLConf1,DisplayGeneratedACLsForCons,DuplicateFromExistingUser1,CreateOrgaBackStep3,AddDatatoDataList,AssignAcl1,FilterAssignACLStep2,CreateData,AssignAcl2,ModifyValidity,SelectOrgaOrDescr,FilterByApp,FilterDelPtsByOrg,UnLockUser,UpdateOneOrgaConfirmation,ConfirmDeleteDVLA,ManageMetagroup,UpdateLogAreaIndic,DuplicateToExistingUser1,FilterOneRolePerms,LoadOrgaTree,DeleteOfficesTempl,ConfirmDeleteVLA,AddOfficesToOrga,FilterLoginArea,DisplayRolesForPerm,CreateAclForRole2,AddVLoginArea,PopupAddNewAppSecuRule,FilterConsumerOffice,FilterDatasForApp,CreateLoginArea,DeleteOneAppData,EditLoginArea,LaunchNewSchedule,CreateDataList,ConfirmCreatePerm,CreatePerm,CreateOrgaBackStep2,UpdateUserDetails,SaveAddRemovePermissions,StartBSPLink,DeleteOfficeMask,DupConfirm3,ResetPwdUnlock,DisplayACLConsumers,EnterAssignACL,DeletePermission,RemoveRoleToComposite,OneUserRoleDetails,SearchGlobalRolesACL,SearchInheritedTFARule,ViewDvlaConsumers,ShowRequestDetails,AssignRoleAclConfirmation1,AssignRoleAclConfirmation2,AssignRoleAclConfirmation3,NotifyDisplayedUser,CreateOrgaStep2,RemoveDatafrDataList,AddRmPermissions,RSOoneUser,CreateGlobalRole,EnterFileDownload,CreateAddData,UpdateRole,ViewDetailsdod,RemoveOneUserRole,AddWebsOrg,CreateOfficeMask,AuthenticationHistorySearch,SearchRoleForAssignRoleAcl,DelegateACL1,CreateAclForRole,DelegateACL3,DelegateACL2,DeleteTemplate,UpdateOrgaProfile,CreateDataButton,EnterDispDataDetails,CreatePref,NewExportSchedule,CreateUser,LoadTemplate,DuplicateRoleCompositeGlobal,SrcMaskOffice,ConfirmCreateSubApp,SaveVLoginArea,RemoveApplication,SubmitExportOffices,ManageAppRole,AdminOguStep2,AdminOguStep1,SearchUsr,CreateOrgaStep4,LinkCreateOrga,VdtDuplicateGuiRule,SaveRightsTemplate,UpdateDatalist,DeletePartnership,LockUser,AddRoleToComposite,LockDisplayedUser,FilterOffices,CreateACLConfirmation2,ResetPwdDisplayed,LockOfficePop,FilterACLPermission,UpdateDatalistWRemove,SuspendOnePartner,ValidateCreateTFARule,CreateApplication,AddPermissionToRole,RefreshSchedule,DisplayOneUser,CreateAppTemplate,SubmitExportAdminHistory,UnlockOffice,DupConfirm1,DupConfirm2,DeleteLoginAreaRobotic,UseSelectOffice,DisplayOrgaDetails,AddOfficeDod,ReloadRfdSecServers,DuplicateFromUsrConfirmation,DisplayOneAppli,CreateOrgaStep1,DisplayDirectTFARule,EnterAsACLtoRole,CreateSAPConf,DeleteExportSchedule,RemoveGUIRule,SearchLssMultipeak,FilterRecPtsByOrg,RemoveACLDelStep2,AssignUserPref,LinkCreateACLForRole,AddDataToACL,UpdateOGUPolicy,CreateDataListStep2,DisplayOneOGU,DeleteUser,DisplayACLforPermission,CreateTemplate,CopyDisplayedUser,RoleToAssignDetails,CreateRightsTempl,UpdateOneOrga,AddRmSubRole,CreatePartnership,CreateRole,CreateSignsTempl,FilterACLPtsForApp,DeleteLoginArea,RemovePermissionToRole,FilterDelPtsByOgu,SaveOfficesTemplate,CreateRole2,DuplicateFromExistingUser,UpdateData,AddAttribute,DisplayPrefValue,CreateUnitaryRole,RemoveOneUserPref,DuplicateToExistingUser,CreateOrgaStep3,FilterRolesForACL,AssignRole2,UpdateOneUserPref,DisplayInheritedTFARule,AssignRole1,PopupEditInheritedTFARule,DisplayUpdatePerm,FilterUser,UpdateOneOrgatoDefault,DeleteOneAppData2,AddNewLoginArea,TpfRefreshTable,CreateOfficesTempl,AddOfficeDodBack,UpdatePartnership,FilterConsumerOgu,BrowseOffice,FilterPermissionforApp,SearchACLForRole,DisplayDelegatedRolesForCons,SubmitExportData,UpdateGUIRule,UpdateOfficeMask,LoadRightsTemplate,SubmitExportRights,CreateOrgaBackStep1,CreateSubApp,CreateDataType,FilterHistory,UpDataConfirm,SearchParentRole,CreateOrgaUnit,DuplicateRole,CreateACLConfirmation3,CreateCompositeRole,SearchCrossApp,LoadSignsTemplate,UpdateSAPCmd
LDA6Topic4,2.75E-07,2.75E-07,2.75E-07,0.000413078,0.000550679,2.75E-07,2.75E-07,0.000275477,0.0007158,2.75E-07,0.000853401,2.75E-07,0.018658963,2.75E-07,2.75E-07,2.75E-07,2.75E-07,2.75E-07,2.75E-07,2.75E-07,2.75E-07,0.036849808,2.75E-07,2.75E-07,2.75E-07,2.75E-07,2.75E-07,2.75E-07,2.75E-07,2.75E-07,2.75E-07,2.75E-07,2.75E-07,0.384154591,2.75E-07,2.75E-07,0.000220437,0.297245835,2.75E-07,0.000358038,2.75E-07,2.75E-07,2.75E-07,2.75E-07,0.000880921,2.75E-07,2.75E-07,2.75E-07,2.75E-07,2.75E-07,2.75E-07,2.75E-07,2.75E-07,2.75E-07,2.75E-07,2.75E-07,2.75E-07,2.75E-07,2.75E-07,2.75E-07,2.75E-07,2.75E-07,2.75E-07,2.75E-07,2.75E-07,0.001431325,2.75E-07,2.75E-07,2.75E-07,2.75E-07,2.75E-07,0.000358038,2.75E-07,2.75E-07,2.75E-07,2.75E-07,0.013430127,2.75E-07,2.75E-07,2.75E-07,0.000165396,2.75E-07,2.75E-07,0.024878526,2.75E-07,2.75E-07,0.000358038,2.75E-07,2.75E-07,2.75E-07,2.75E-07,2.75E-07,2.75E-07,2.75E-07,2.75E-07,2.75E-07,2.75E-07,2.75E-07,2.75E-07,2.75E-07,2.75E-07,2.75E-07,2.75E-07,2.75E-07,2.75E-07,2.75E-07,2.75E-07,2.75E-07,2.75E-07,2.75E-07,2.75E-07,2.75E-07,2.75E-07,2.75E-07,2.75E-07,0.007348166,2.75E-07,2.75E-07,2.75E-07,2.75E-07,2.75E-07,2.75E-07,2.75E-07,2.75E-07,2.75E-07,2.75E-07,2.75E-07,2.75E-07,2.75E-07,2.75E-07,2.75E-07,2.75E-07,2.75E-07,2.75E-07,2.75E-07,2.75E-07,2.75E-07,2.75E-07,2.75E-07,2.75E-07,2.75E-07,2.75E-07,2.75E-07,2.75E-07,0.003412779,2.75E-07,2.75E-07,2.75E-07,2.75E-07,2.75E-07,2.75E-07,2.75E-07,2.75E-07,2.75E-07,0.000247957,2.75E-07,2.75E-07,0.000991002,2.75E-07,2.75E-07,2.75E-07,2.75E-07,2.75E-07,2.75E-07,2.75E-07,2.75E-07,2.75E-07,5.53E-05,2.75E-07,2.75E-07,2.75E-07,2.75E-07,2.75E-07,2.75E-07,0.001431325,2.75E-07,2.75E-07,2.75E-07,2.75E-07,2.78E-05,0.000825881,2.75E-07,0.00800865,0.049399014,0.015136379,2.75E-07,2.75E-07,2.75E-07,2.75E-07,2.75E-07,2.75E-07,0.002449572,2.75E-07,2.75E-07,0.012136678,2.75E-07,2.75E-07,0.000413078,2.75E-07,2.75E-07,2.75E-07,2.75E-07,2.75E-07,2.75E-07,2.75E-07,2.75E-07,2.78E-05,2.75E-07,0.000247957,2.75E-07,2.75E-07,2.75E-07,2.75E-07,0.029694559,0.017117833,2.75E-07,2.75E-07,2.75E-07,2.75E-07,2.75E-07,2.75E-07,2.75E-07,2.78E-05,2.75E-07,2.75E-07,2.75E-07,2.75E-07,2.75E-07,2.75E-07,2.75E-07,2.75E-07,2.75E-07,0.00077084,2.75E-07,2.75E-07,0.000440598,2.75E-07,2.75E-07,2.78E-05,2.75E-07,2.75E-07,2.75E-07,2.75E-07,0.000137876,2.75E-07,2.75E-07,2.75E-07,2.75E-07,2.75E-07,2.75E-07,2.75E-07,2.75E-07,2.75E-07,2.75E-07,2.75E-07,2.75E-07,2.75E-07,2.75E-07,2.75E-07,2.75E-07,2.75E-07,2.75E-07,2.75E-07,2.75E-07,2.75E-07,2.75E-07,2.75E-07,2.75E-07,2.75E-07,0.052178553,2.75E-07,0.0007158,2.75E-07,2.75E-07,2.75E-07,2.75E-07,2.75E-07,2.75E-07,0.003247657,2.75E-07,2.75E-07,0.000165396,0.001266204,2.75E-07,2.75E-07,2.75E-07,2.75E-07,2.75E-07,2.78E-05,0.008448973,2.75E-07,2.75E-07,2.75E-07,0.001651487,5.53E-05,2.75E-07
LDA9Topic2,3.34E-07,3.34E-07,3.34E-07,3.34E-07,3.34E-07,3.34E-07,3.34E-07,3.34E-07,3.34E-07,3.34E-07,3.34E-07,3.34E-07,3.34E-07,3.34E-07,0.001536434,3.34E-07,3.34E-07,3.34E-07,3.34E-07,3.34E-07,0.000100514,3.34E-07,3.34E-07,3.34E-07,3.34E-07,3.34E-07,3.34E-07,3.34E-07,3.34E-07,3.34E-07,3.34E-07,3.34E-07,3.34E-07,3.34E-07,3.34E-07,3.34E-07,3.34E-07,3.34E-07,3.34E-07,0.012689859,3.34E-07,3.34E-07,3.34E-07,3.34E-07,3.34E-07,3.34E-07,3.34E-07,3.34E-07,3.34E-07,3.34E-07,3.34E-07,3.34E-07,3.34E-07,3.34E-07,0.000467843,3.34E-07,3.34E-07,3.34E-07,3.34E-07,3.34E-07,0.000768384,3.34E-07,3.34E-07,3.34E-07,0.00283878,3.34E-07,3.34E-07,3.34E-07,3.34E-07,0.000167301,3.34E-07,3.34E-07,3.34E-07,3.34E-07,3.34E-07,3.34E-07,3.34E-07,6.71E-05,3.34E-07,3.34E-07,3.34E-07,3.34E-07,3.34E-07,3.34E-07,3.34E-07,3.34E-07,3.34E-07,3.34E-07,3.34E-07,3.34E-07,3.34E-07,3.34E-07,3.34E-07,3.34E-07,3.34E-07,3.34E-07,3.34E-07,3.34E-07,3.34E-07,3.34E-07,3.34E-07,3.34E-07,3.34E-07,3.34E-07,3.34E-07,3.34E-07,3.34E-07,3.34E-07,3.34E-07,3.34E-07,3.34E-07,0.000133908,3.37E-05,0.000100514,3.34E-07,3.34E-07,3.34E-07,3.34E-07,0.001135712,3.34E-07,3.34E-07,3.34E-07,3.34E-07,3.34E-07,3.34E-07,3.34E-07,3.34E-07,3.34E-07,3.34E-07,3.34E-07,3.34E-07,3.34E-07,3.34E-07,3.34E-07,3.34E-07,3.34E-07,3.34E-07,3.34E-07,3.34E-07,3.34E-07,0.011320726,3.34E-07,3.34E-07,3.34E-07,3.34E-07,3.34E-07,3.34E-07,3.34E-07,3.34E-07,3.34E-07,3.34E-07,3.34E-07,3.34E-07,3.34E-07,3.34E-07,3.34E-07,3.34E-07,3.34E-07,0.02467812,3.34E-07,3.34E-07,3.34E-07,0.000133908,3.34E-07,3.34E-07,3.34E-07,3.34E-07,3.34E-07,3.34E-07,3.34E-07,3.34E-07,3.34E-07,3.34E-07,3.34E-07,3.34E-07,3.34E-07,3.34E-07,3.34E-07,0.000968745,3.34E-07,3.34E-07,3.34E-07,3.34E-07,3.34E-07,0.561177868,3.34E-07,3.34E-07,3.34E-07,3.34E-07,3.34E-07,3.34E-07,3.34E-07,3.34E-07,3.34E-07,3.34E-07,3.34E-07,3.34E-07,3.34E-07,0.000467843,3.34E-07,3.34E-07,3.34E-07,3.34E-07,3.34E-07,3.34E-07,0.373873805,3.34E-07,3.34E-07,3.34E-07,3.34E-07,3.34E-07,3.34E-07,3.34E-07,0.002671813,3.34E-07,3.34E-07,3.34E-07,3.34E-07,3.34E-07,3.34E-07,3.34E-07,3.34E-07,3.34E-07,3.34E-07,3.34E-07,3.34E-07,3.34E-07,3.34E-07,3.34E-07,3.34E-07,3.34E-07,3.34E-07,3.34E-07,3.34E-07,0.002037337,3.34E-07,3.34E-07,3.34E-07,3.34E-07,3.34E-07,3.34E-07,3.34E-07,3.34E-07,3.34E-07,3.34E-07,0.000801778,3.34E-07,3.34E-07,3.34E-07,3.34E-07,3.34E-07,3.34E-07,3.34E-07,3.34E-07,3.34E-07,3.34E-07,3.34E-07,3.34E-07,3.34E-07,3.34E-07,3.34E-07,3.34E-07,0.000100514,3.34E-07,3.34E-07,3.34E-07,3.34E-07,3.34E-07,3.34E-07,3.34E-07,3.34E-07,3.34E-07,3.34E-07,3.34E-07,3.34E-07,3.34E-07,3.34E-07,3.34E-07,3.34E-07,3.34E-07,3.34E-07,3.34E-07,3.34E-07,3.34E-07,3.34E-07,3.34E-07,0.001636615,3.34E-07,3.34E-07,3.34E-07,3.34E-07,3.34E-07,3.34E-07,3.34E-07,3.34E-07,3.34E-07
LDA11Topic4,2.35E-07,2.35E-07,2.35E-07,2.35E-07,2.35E-07,2.35E-07,2.35E-07,2.35E-07,2.35E-07,2.35E-07,2.35E-07,2.35E-07,2.35E-07,2.35E-07,2.35E-07,2.35E-07,2.35E-07,2.35E-07,2.35E-07,2.35E-07,2.35E-07,2.35E-07,2.35E-07,2.35E-07,2.35E-07,2.35E-07,2.35E-07,2.35E-07,2.35E-07,2.35E-07,2.35E-07,2.35E-07,2.35E-07,2.35E-07,2.35E-07,2.35E-07,2.35E-07,2.35E-07,2.35E-07,2.35E-07,2.35E-07,2.35E-07,2.35E-07,2.35E-07,2.35E-07,2.35E-07,2.35E-07,2.35E-07,2.35E-07,2.35E-07,2.35E-07,2.35E-07,2.35E-07,2.35E-07,2.35E-07,2.35E-07,2.35E-07,2.35E-07,2.35E-07,2.35E-07,0.012102623,2.35E-07,2.35E-07,2.35E-07,2.35E-07,2.35E-07,2.35E-07,2.35E-07,2.35E-07,2.35E-07,2.35E-07,2.35E-07,2.35E-07,2.35E-07,2.35E-07,2.35E-07,0.000777237,2.35E-07,2.35E-07,2.35E-07,2.35E-07,2.35E-07,2.35E-07,2.35E-07,2.35E-07,2.35E-07,2.35E-07,2.35E-07,2.35E-07,2.35E-07,2.35E-07,2.35E-07,2.35E-07,2.35E-07,2.35E-07,2.35E-07,2.35E-07,2.35E-07,2.35E-07,2.35E-07,2.35E-07,2.35E-07,2.35E-07,2.35E-07,0.002284149,2.35E-07,2.35E-07,2.35E-07,2.35E-07,2.35E-07,2.35E-07,2.35E-07,2.35E-07,2.35E-07,2.35E-07,2.35E-07,2.35E-07,2.35E-07,2.35E-07,2.35E-07,2.35E-07,2.35E-07,2.35E-07,2.35E-07,2.35E-07,2.35E-07,2.35E-07,2.35E-07,2.35E-07,2.35E-07,0.140260781,2.35E-07,2.35E-07,2.35E-07,2.35E-07,2.35E-07,2.35E-07,2.35E-07,2.35E-07,2.35E-07,0.001224601,2.35E-07,2.35E-07,2.35E-07,2.35E-07,2.35E-07,2.35E-07,2.35E-07,0.048621694,2.35E-07,2.35E-07,2.35E-07,0.000212145,2.35E-07,2.35E-07,2.35E-07,2.35E-07,2.35E-07,2.35E-07,2.35E-07,2.35E-07,2.35E-07,2.35E-07,2.35E-07,2.35E-07,2.35E-07,2.35E-07,2.35E-07,2.35E-07,2.35E-07,2.35E-07,2.35E-07,2.35E-07,0.001671966,2.35E-07,2.35E-07,2.35E-07,2.35E-07,2.35E-07,2.35E-07,2.35E-07,2.35E-07,2.35E-07,2.35E-07,0.418309593,2.35E-07,2.35E-07,2.35E-07,2.35E-07,2.35E-07,2.35E-07,2.35E-07,2.35E-07,0.003343696,2.35E-07,2.35E-07,0.019048545,2.35E-07,2.35E-07,2.35E-07,2.35E-07,2.35E-07,2.35E-07,2.35E-07,2.35E-07,0.352076101,2.35E-07,2.35E-07,2.35E-07,2.35E-07,2.35E-07,2.35E-07,2.35E-07,2.35E-07,2.35E-07,2.35E-07,2.35E-07,2.35E-07,2.35E-07,2.35E-07,2.35E-07,2.35E-07,2.35E-07,2.35E-07,2.35E-07,2.35E-07,2.35E-07,2.35E-07,2.35E-07,2.35E-07,2.35E-07,2.35E-07,2.35E-07,2.35E-07,2.35E-07,2.35E-07,2.35E-07,2.35E-07,2.35E-07,2.35E-07,2.35E-07,2.35E-07,2.35E-07,2.35E-07,2.35E-07,2.35E-07,2.35E-07,2.35E-07,2.35E-07,2.35E-07,2.35E-07,2.35E-07,2.35E-07,2.35E-07,2.35E-07,2.35E-07,2.35E-07,2.35E-07,2.35E-07,2.35E-07,2.35E-07,2.35E-07,2.35E-07,2.35E-07,2.35E-07,2.35E-07,2.35E-07,2.35E-07,2.35E-07,2.35E-07,2.35E-07,2.35E-07,2.35E-07,2.35E-07,2.35E-07,2.35E-07,2.35E-07,2.35E-07,2.35E-07,2.35E-07,2.35E-07,2.35E-07,2.35E-07,2.35E-07,2.35E-07,2.35E-07,2.35E-07,2.35E-07,2.35E-07,2.35E-07,2.35E-07,2.35E-07,2.35E-07,2.35E-07,2.35E-07,2.35E-07
LDA11Topic10,3.97E-07,3.97E-07,3.97E-07,3.97E-07,3.97E-07,3.97E-07,3.97E-07,3.97E-07,3.97E-07,3.97E-07,3.97E-07,3.97E-07,3.97E-07,3.97E-07,3.97E-07,3.97E-07,3.97E-07,3.97E-07,3.97E-07,3.97E-07,3.97E-07,3.97E-07,3.97E-07,3.97E-07,3.97E-07,3.97E-07,3.97E-07,3.97E-07,3.97E-07,3.97E-07,3.97E-07,3.97E-07,3.97E-07,3.97E-07,3.97E-07,3.97E-07,3.97E-07,3.97E-07,3.97E-07,3.97E-07,3.97E-07,3.97E-07,3.97E-07,3.97E-07,3.97E-07,3.97E-07,3.97E-07,3.97E-07,3.97E-07,3.97E-07,3.97E-07,3.97E-07,3.97E-07,3.97E-07,3.97E-07,3.97E-07,3.97E-07,3.97E-07,3.97E-07,3.97E-07,3.97E-07,3.97E-07,3.97E-07,3.97E-07,3.97E-07,3.97E-07,3.97E-07,3.97E-07,3.97E-07,3.97E-07,3.97E-07,3.97E-07,3.97E-07,3.97E-07,3.97E-07,3.97E-07,3.97E-07,3.97E-07,3.97E-07,3.97E-07,3.97E-07,3.97E-07,3.97E-07,3.97E-07,3.97E-07,3.97E-07,3.97E-07,3.97E-07,3.97E-07,3.97E-07,3.97E-07,3.97E-07,3.97E-07,3.97E-07,3.97E-07,3.97E-07,3.97E-07,3.97E-07,3.97E-07,3.97E-07,3.97E-07,3.97E-07,3.97E-07,3.97E-07,3.97E-07,3.97E-07,3.97E-07,3.97E-07,3.97E-07,3.97E-07,3.97E-07,3.97E-07,3.97E-07,3.97E-07,3.97E-07,3.97E-07,3.97E-07,3.97E-07,3.97E-07,3.97E-07,3.97E-07,3.97E-07,3.97E-07,3.97E-07,3.97E-07,3.97E-07,3.97E-07,3.97E-07,3.97E-07,3.97E-07,0.006711018,3.97E-07,3.97E-07,3.97E-07,3.97E-07,3.97E-07,3.97E-07,3.97E-07,3.97E-07,3.97E-07,0.00230345,3.97E-07,3.97E-07,3.97E-07,3.97E-07,0.181425399,0.0010328,3.97E-07,0.016677679,3.97E-07,3.97E-07,3.97E-07,3.97E-07,3.97E-07,3.97E-07,3.97E-07,3.97E-07,3.97E-07,3.97E-07,3.97E-07,3.97E-07,3.97E-07,4.01E-05,3.97E-07,3.97E-07,3.97E-07,3.97E-07,3.97E-07,3.97E-07,3.97E-07,3.97E-07,3.97E-07,3.97E-07,0.350699811,3.97E-07,3.97E-07,0.000596014,3.97E-07,3.97E-07,3.97E-07,3.97E-07,3.97E-07,3.97E-07,3.97E-07,0.022872098,3.97E-07,3.97E-07,3.97E-07,3.97E-07,3.97E-07,3.97E-07,3.97E-07,3.97E-07,3.97E-07,3.97E-07,3.97E-07,3.97E-07,3.97E-07,3.97E-07,3.97E-07,3.97E-07,3.97E-07,3.97E-07,3.97E-07,3.97E-07,3.97E-07,3.97E-07,3.97E-07,3.97E-07,3.97E-07,3.97E-07,3.97E-07,0.010046474,3.97E-07,3.97E-07,3.97E-07,3.97E-07,3.97E-07,3.97E-07,3.97E-07,3.97E-07,3.97E-07,3.97E-07,3.97E-07,3.97E-07,3.97E-07,3.97E-07,3.97E-07,3.97E-07,3.97E-07,3.97E-07,3.97E-07,3.97E-07,3.97E-07,3.97E-07,3.97E-07,3.97E-07,3.97E-07,4.01E-05,3.97E-07,3.97E-07,3.97E-07,3.97E-07,3.97E-07,3.97E-07,3.97E-07,3.97E-07,3.97E-07,3.97E-07,3.97E-07,3.97E-07,3.97E-07,3.97E-07,3.97E-07,3.97E-07,3.97E-07,3.97E-07,3.97E-07,3.97E-07,0.19286125,3.97E-07,3.97E-07,0.202192586,3.97E-07,3.97E-07,3.97E-07,3.97E-07,3.97E-07,3.97E-07,3.97E-07,3.97E-07,3.97E-07,3.97E-07,3.97E-07,0.012389235,3.97E-07,3.97E-07,3.97E-07,3.97E-07,3.97E-07,3.97E-07,3.97E-07,3.97E-07,3.97E-07,3.97E-07,3.97E-07,3.97E-07,3.97E-07,3.97E-07,3.97E-07,3.97E-07,3.97E-07,3.97E-07,3.97E-07,3.97E-07,3.97E-07
LDA12Topic1,0.002187344,0.003499225,0.004286354,8.75E-07,8.75E-07,0.002624637,8.75E-07,8.75E-07,8.75E-07,8.75E-07,8.75E-07,8.75E-07,8.75E-07,0.00035071,8.75E-07,8.75E-07,8.75E-07,0.002012426,8.75E-07,0.001225297,8.75E-07,8.75E-07,8.75E-07,0.005160942,8.75E-07,0.000962921,0.014781406,8.75E-07,0.02720055,0.002974473,8.75E-07,8.75E-07,8.75E-07,8.75E-07,0.000438168,8.75E-07,8.75E-07,8.75E-07,0.005073483,0.002887014,8.75E-07,0.00384906,0.017142792,0.000263251,8.75E-07,8.75E-07,8.75E-07,8.75E-07,8.75E-07,8.75E-07,8.75E-07,8.75E-07,8.75E-07,0.00175005,8.75E-07,0.006472823,0.026063586,0.000438168,8.75E-07,8.75E-07,8.75E-07,0.010670844,0.021690648,0.008484375,8.75E-07,8.75E-07,8.75E-07,0.005510777,8.75E-07,8.75E-07,8.75E-07,8.75E-07,0.003411766,0.001312756,0.003236849,0.007085034,8.75E-07,8.75E-07,0.000438168,8.75E-07,8.75E-07,8.75E-07,0.000263251,8.75E-07,0.035596591,0.032010782,8.75E-07,8.75E-07,8.75E-07,0.001924967,0.004636189,0.011545431,8.75E-07,8.75E-07,8.75E-07,0.003236849,8.75E-07,8.75E-07,0.020203849,8.75E-07,8.75E-07,8.75E-07,0.006210447,0.001575132,8.75E-07,8.75E-07,8.75E-07,8.75E-07,8.75E-07,8.75E-07,0.0052484,8.75E-07,8.75E-07,8.75E-07,8.75E-07,8.75E-07,0.00813454,0.045217055,8.75E-07,8.75E-07,0.00035071,0.022565235,8.75E-07,0.002274802,8.75E-07,8.75E-07,0.003936519,0.001924967,0.001924967,8.75E-07,8.75E-07,0.006822658,8.75E-07,8.75E-07,8.75E-07,8.75E-07,0.019591638,0.005860612,0.000438168,0.000962921,0.004723648,0.002974473,8.75E-07,8.75E-07,8.75E-07,8.75E-07,8.75E-07,8.75E-07,8.75E-07,8.75E-07,0.002099885,0.004461272,8.75E-07,0.000263251,8.75E-07,0.001662591,0.00175005,8.75E-07,8.75E-07,8.75E-07,8.75E-07,8.75E-07,8.75E-07,0.019066885,0.043642797,0.019591638,0.022040483,8.75E-07,8.75E-07,0.00035071,0.001837509,0.000175792,8.75E-07,8.75E-07,8.75E-07,0.000875462,8.75E-07,8.83E-05,8.75E-07,8.75E-07,8.75E-07,0.069792968,8.75E-07,8.75E-07,8.75E-07,8.75E-07,8.75E-07,8.75E-07,8.75E-07,0.003411766,8.75E-07,8.75E-07,0.008309457,8.75E-07,8.75E-07,0.008484375,8.75E-07,8.75E-07,8.75E-07,0.00035071,8.75E-07,8.75E-07,8.83E-05,0.018454674,8.75E-07,8.75E-07,8.75E-07,8.75E-07,8.75E-07,8.75E-07,8.75E-07,8.75E-07,8.75E-07,0.017055333,8.75E-07,8.75E-07,8.75E-07,0.122268226,8.75E-07,8.75E-07,0.002712096,8.75E-07,8.75E-07,8.75E-07,8.75E-07,8.75E-07,0.002799555,8.75E-07,0.037170849,0.062184055,8.75E-07,0.002187344,8.75E-07,8.75E-07,8.75E-07,8.75E-07,8.75E-07,0.001137839,8.75E-07,8.75E-07,0.006472823,0.000263251,0.007697246,8.75E-07,8.83E-05,8.75E-07,0.000263251,8.75E-07,8.75E-07,0.008396916,8.75E-07,0.007085034,8.75E-07,0.000962921,0.003499225,8.75E-07,8.75E-07,8.75E-07,0.019854014,8.75E-07,8.75E-07,8.75E-07,8.75E-07,8.75E-07,8.83E-05,8.75E-07,8.75E-07,0.001837509,8.75E-07,8.75E-07,8.75E-07,8.75E-07,0.001400215,0.000263251,8.75E-07,0.012594936,0.00175005,0.000438168,8.75E-07,8.75E-07,8.75E-07,8.75E-07,8.75E-07,8.75E-07,0.000175792,8.83E-05,8.75E-07,0.000525627,8.75E-07,8.75E-07,0.003061931,0.001487674,0.001225297,0.002362261,8.75E-07,8.75E-07
LDA12Topic2,4.95E-07,4.95E-07,4.95E-07,4.95E-07,4.95E-07,0.046130802,4.95E-07,4.95E-07,4.95E-07,4.95E-07,4.95E-07,0.185314509,4.95E-07,4.95E-07,4.95E-07,4.95E-07,4.95E-07,4.95E-07,4.95E-07,4.95E-07,4.95E-07,4.95E-07,0.046576745,4.95E-07,4.95E-07,4.95E-07,4.95E-07,4.95E-07,4.95E-07,4.95E-07,4.95E-07,4.95E-07,4.95E-07,4.95E-07,4.95E-07,4.95E-07,4.95E-07,4.95E-07,4.95E-07,4.95E-07,4.95E-07,4.95E-07,0.003964432,4.95E-07,4.95E-07,4.95E-07,4.95E-07,4.95E-07,4.95E-07,4.95E-07,4.95E-07,0.001041029,4.95E-07,4.95E-07,4.95E-07,4.95E-07,4.95E-07,4.95E-07,4.95E-07,4.95E-07,4.95E-07,4.95E-07,4.95E-07,4.95E-07,4.95E-07,4.95E-07,4.95E-07,0.028293089,4.95E-07,4.95E-07,4.95E-07,4.95E-07,4.95E-07,4.95E-07,4.95E-07,4.95E-07,4.95E-07,4.95E-07,4.95E-07,4.95E-07,4.95E-07,4.95E-07,4.95E-07,4.95E-07,4.95E-07,4.95E-07,4.95E-07,4.95E-07,4.95E-07,4.95E-07,4.95E-07,4.95E-07,4.95E-07,4.95E-07,4.95E-07,4.95E-07,0.147012976,0.066198229,4.95E-07,0.186008197,0.009315745,4.95E-07,4.95E-07,4.95E-07,4.95E-07,4.95E-07,5.00E-05,4.95E-07,4.95E-07,4.95E-07,4.95E-07,4.95E-07,4.95E-07,4.95E-07,4.95E-07,4.95E-07,4.95E-07,4.95E-07,4.95E-07,4.95E-07,4.95E-07,4.95E-07,4.95E-07,4.95E-07,4.95E-07,4.95E-07,5.00E-05,4.95E-07,4.95E-07,4.95E-07,4.95E-07,4.95E-07,4.95E-07,4.95E-07,5.00E-05,4.95E-07,4.95E-07,4.95E-07,4.95E-07,4.95E-07,0.001932914,4.95E-07,5.00E-05,4.95E-07,4.95E-07,0.081211637,0.047765926,0.030919197,4.95E-07,4.95E-07,4.95E-07,4.95E-07,4.95E-07,4.95E-07,4.95E-07,4.95E-07,4.95E-07,0.004113079,4.95E-07,4.95E-07,4.95E-07,4.95E-07,0.086166557,4.95E-07,4.95E-07,4.95E-07,4.95E-07,4.95E-07,4.95E-07,4.95E-07,4.95E-07,4.95E-07,4.95E-07,4.95E-07,4.95E-07,4.95E-07,4.95E-07,4.95E-07,4.95E-07,4.95E-07,4.95E-07,4.95E-07,4.95E-07,4.95E-07,4.95E-07,4.95E-07,4.95E-07,4.95E-07,4.95E-07,4.95E-07,4.95E-07,4.95E-07,4.95E-07,0.000396889,4.95E-07,4.95E-07,4.95E-07,4.95E-07,4.95E-07,4.95E-07,4.95E-07,4.95E-07,4.95E-07,4.95E-07,4.95E-07,0.010356279,4.95E-07,4.95E-07,4.95E-07,4.95E-07,4.95E-07,4.95E-07,4.95E-07,0.009860787,4.95E-07,4.95E-07,4.95E-07,4.95E-07,4.95E-07,4.95E-07,4.95E-07,4.95E-07,4.95E-07,4.95E-07,4.95E-07,0.001685168,4.95E-07,4.95E-07,4.95E-07,4.95E-07,4.95E-07,4.95E-07,4.95E-07,4.95E-07,4.95E-07,4.95E-07,4.95E-07,0.005401358,4.95E-07,4.95E-07,4.95E-07,4.95E-07,4.95E-07,4.95E-07,4.95E-07,4.95E-07,4.95E-07,4.95E-07,4.95E-07,4.95E-07,4.95E-07,4.95E-07,4.95E-07,4.95E-07,4.95E-07,4.95E-07,4.95E-07,4.95E-07,4.95E-07,4.95E-07,4.95E-07,4.95E-07,4.95E-07,4.95E-07,4.95E-07,4.95E-07,4.95E-07,4.95E-07,4.95E-07,4.95E-07,4.95E-07,4.95E-07,4.95E-07,4.95E-07,4.95E-07,4.95E-07,4.95E-07,4.95E-07,4.95E-07,4.95E-07,4.95E-07,4.95E-07,4.95E-07,4.95E-07,4.95E-07,4.95E-07,4.95E-07,4.95E-07,4.95E-07,4.95E-07,4.95E-07,4.95E-07,4.95E-07,4.95E-07,4.95E-07,4.95E-07
LDA12Topic6,4.85E-07,4.85E-07,4.85E-07,4.85E-07,4.85E-07,4.85E-07,4.85E-07,4.85E-07,4.85E-07,4.85E-07,4.85E-07,4.85E-07,4.85E-07,4.85E-07,0.00058205,4.85E-07,4.85E-07,4.85E-07,4.85E-07,4.85E-07,4.85E-07,4.85E-07,4.85E-07,4.85E-07,4.85E-07,4.85E-07,4.85E-07,4.85E-07,4.85E-07,4.85E-07,4.85E-07,4.85E-07,4.85E-07,4.85E-07,4.85E-07,4.85E-07,4.85E-07,4.85E-07,4.85E-07,4.85E-07,4.85E-07,4.85E-07,4.85E-07,4.85E-07,4.85E-07,4.85E-07,4.85E-07,4.85E-07,4.85E-07,4.85E-07,4.85E-07,4.85E-07,4.85E-07,4.85E-07,4.85E-07,4.85E-07,4.85E-07,4.85E-07,0.034603634,4.85E-07,4.85E-07,4.85E-07,4.85E-07,4.85E-07,0.009693244,4.85E-07,4.85E-07,4.85E-07,0.008772431,4.85E-07,4.85E-07,4.85E-07,4.85E-07,4.85E-07,4.85E-07,4.85E-07,4.85E-07,4.85E-07,4.85E-07,4.85E-07,4.85E-07,4.85E-07,4.85E-07,4.85E-07,4.85E-07,4.85E-07,4.85E-07,4.85E-07,4.85E-07,4.85E-07,4.85E-07,4.85E-07,4.85E-07,4.85E-07,4.85E-07,4.85E-07,4.85E-07,4.85E-07,4.85E-07,4.85E-07,4.85E-07,4.85E-07,4.85E-07,4.85E-07,4.85E-07,4.85E-07,4.85E-07,4.85E-07,0.005913068,4.85E-07,4.85E-07,4.85E-07,4.85E-07,4.85E-07,4.85E-07,4.85E-07,4.85E-07,4.85E-07,4.85E-07,4.85E-07,4.85E-07,4.85E-07,0.28244748,4.85E-07,0.013958057,4.85E-07,4.85E-07,4.85E-07,4.85E-07,4.85E-07,0.000485123,4.85E-07,4.85E-07,4.85E-07,4.85E-07,4.85E-07,4.85E-07,4.85E-07,4.85E-07,4.85E-07,4.85E-07,4.85E-07,4.85E-07,4.85E-07,4.85E-07,4.85E-07,4.85E-07,4.85E-07,4.85E-07,4.85E-07,4.85E-07,4.85E-07,4.85E-07,4.85E-07,4.85E-07,4.85E-07,4.85E-07,4.85E-07,9.74E-05,4.85E-07,4.85E-07,4.85E-07,4.85E-07,4.85E-07,4.85E-07,4.85E-07,4.85E-07,4.85E-07,4.85E-07,4.85E-07,4.85E-07,4.85E-07,4.85E-07,0.0104202,4.85E-07,4.85E-07,4.85E-07,4.85E-07,4.85E-07,4.85E-07,4.85E-07,4.85E-07,4.85E-07,4.85E-07,0.156199295,4.85E-07,4.85E-07,4.85E-07,4.85E-07,4.85E-07,4.85E-07,4.85E-07,4.85E-07,4.85E-07,4.85E-07,4.85E-07,4.85E-07,4.85E-07,4.85E-07,4.85E-07,4.85E-07,4.85E-07,4.85E-07,4.85E-07,4.85E-07,0.141417837,4.85E-07,4.85E-07,4.85E-07,4.85E-07,4.85E-07,0.000678978,4.85E-07,4.85E-07,4.85E-07,4.85E-07,4.85E-07,4.85E-07,4.85E-07,4.85E-07,4.85E-07,4.85E-07,4.85E-07,4.85E-07,4.85E-07,4.85E-07,4.85E-07,4.85E-07,4.85E-07,4.85E-07,4.85E-07,4.85E-07,4.85E-07,4.85E-07,4.85E-07,4.85E-07,4.85E-07,4.85E-07,4.85E-07,4.85E-07,4.85E-07,4.85E-07,4.85E-07,4.85E-07,4.85E-07,0.070272987,4.85E-07,4.85E-07,4.85E-07,4.85E-07,4.85E-07,4.85E-07,4.85E-07,4.85E-07,4.85E-07,4.85E-07,4.85E-07,4.85E-07,4.85E-07,4.85E-07,4.85E-07,4.85E-07,4.85E-07,4.85E-07,4.85E-07,4.85E-07,4.85E-07,4.85E-07,0.264322021,4.85E-07,4.85E-07,4.85E-07,4.85E-07,4.85E-07,4.85E-07,4.85E-07,4.85E-07,4.85E-07,4.85E-07,4.85E-07,4.85E-07,4.85E-07,4.85E-07,4.85E-07,4.85E-07,4.85E-07,4.85E-07,4.85E-07,4.85E-07,4.85E-07,4.85E-07,4.85E-07,4.85E-07,4.85E-07,4.85E-07,4.85E-07
LDA12Topic11,1.08E-06,1.08E-06,1.08E-06,0.003472569,1.08E-06,1.08E-06,0.00716102,1.08E-06,1.08E-06,0.000109569,1.08E-06,1.08E-06,1.08E-06,1.08E-06,1.08E-06,0.000218053,0.001411375,1.08E-06,1.08E-06,1.08E-06,1.08E-06,1.08E-06,0.000109569,1.08E-06,1.08E-06,1.08E-06,1.08E-06,1.08E-06,0.001519859,1.08E-06,0.000218053,1.08E-06,1.08E-06,1.08E-06,1.08E-06,1.08E-06,1.08E-06,1.08E-06,1.08E-06,0.091669957,0.000651988,1.08E-06,0.042526763,1.08E-06,0.003472569,0.003581053,1.08E-06,1.08E-06,0.000109569,1.08E-06,1.08E-06,0.002713182,0.037753473,1.08E-06,1.08E-06,1.08E-06,1.08E-06,1.08E-06,1.08E-06,1.08E-06,1.08E-06,1.08E-06,1.08E-06,1.08E-06,1.08E-06,1.08E-06,0.000218053,0.083750635,1.08E-06,1.08E-06,1.08E-06,1.08E-06,1.08E-06,1.08E-06,1.08E-06,1.08E-06,1.08E-06,0.000218053,1.08E-06,0.090693602,1.08E-06,1.08E-06,1.08E-06,1.08E-06,1.08E-06,1.08E-06,1.08E-06,1.08E-06,0.000218053,1.08E-06,1.08E-06,1.08E-06,0.00575073,1.08E-06,0.000109569,1.08E-06,1.08E-06,1.08E-06,1.08E-06,1.08E-06,1.08E-06,0.004123472,0.005425278,0.000651988,1.08E-06,1.08E-06,1.08E-06,1.08E-06,1.08E-06,1.08E-06,1.08E-06,1.08E-06,1.08E-06,1.08E-06,0.002821666,1.08E-06,0.002930149,1.08E-06,1.08E-06,1.08E-06,1.08E-06,1.08E-06,1.08E-06,1.08E-06,1.08E-06,0.001628343,1.08E-06,1.08E-06,1.08E-06,0.000109569,1.08E-06,1.08E-06,1.08E-06,0.000868956,1.08E-06,1.08E-06,1.08E-06,1.08E-06,1.08E-06,1.08E-06,0.018443343,1.08E-06,1.08E-06,0.000109569,1.08E-06,1.08E-06,1.08E-06,1.08E-06,1.08E-06,0.000868956,1.08E-06,1.08E-06,1.08E-06,1.08E-06,1.08E-06,1.08E-06,1.08E-06,0.060318118,0.001736827,1.08E-06,0.001845311,0.030702021,1.08E-06,1.08E-06,1.08E-06,1.08E-06,1.08E-06,1.08E-06,0.000543504,1.08E-06,1.08E-06,1.08E-06,1.08E-06,1.08E-06,1.08E-06,1.08E-06,1.08E-06,1.08E-06,1.08E-06,1.08E-06,1.08E-06,1.08E-06,1.08E-06,1.08E-06,0.029942634,0.000760472,0.002062278,1.08E-06,1.08E-06,1.08E-06,0.000760472,1.08E-06,1.08E-06,0.000326536,1.08E-06,1.08E-06,1.08E-06,1.08E-06,0.001519859,1.08E-06,0.000109569,1.08E-06,1.08E-06,1.08E-06,0.00043502,0.039814666,1.08E-06,1.08E-06,1.08E-06,1.08E-06,1.08E-06,1.08E-06,1.08E-06,0.165872926,1.08E-06,0.000326536,1.08E-06,0.003364085,0.002062278,0.001953795,1.08E-06,1.08E-06,1.08E-06,1.08E-06,1.08E-06,0.00965615,1.08E-06,0.03178686,1.08E-06,1.08E-06,1.08E-06,1.08E-06,1.08E-06,1.08E-06,0.006618601,1.08E-06,1.08E-06,0.009005246,0.000109569,0.003255601,1.08E-06,0.003038633,1.08E-06,1.08E-06,1.08E-06,1.08E-06,1.08E-06,0.000868956,1.08E-06,1.08E-06,1.08E-06,1.08E-06,0.000651988,0.000218053,1.08E-06,0.001519859,1.08E-06,0.000868956,1.08E-06,1.08E-06,0.001411375,1.08E-06,1.08E-06,1.08E-06,1.08E-06,1.08E-06,0.000326536,1.08E-06,1.08E-06,1.08E-06,0.000326536,1.08E-06,1.08E-06,1.08E-06,1.08E-06,1.08E-06,1.08E-06,0.003147117,1.08E-06,1.08E-06,0.000651988,1.08E-06,0.000651988,0.000109569,1.08E-06,1.08E-06,0.149708829,1.08E-06,0.000109569,1.08E-06,1.08E-06,1.08E-06,1.08E-06,0.015622763,1.08E-06,1.08E-06
LDA13Topic11,1.28E-06,1.28E-06,1.28E-06,1.28E-06,1.28E-06,1.28E-06,1.28E-06,1.28E-06,1.28E-06,1.28E-06,1.28E-06,1.28E-06,1.28E-06,1.28E-06,1.28E-06,1.28E-06,1.28E-06,1.28E-06,1.28E-06,1.28E-06,1.28E-06,1.28E-06,1.28E-06,1.28E-06,1.28E-06,1.28E-06,1.28E-06,0.000513053,1.28E-06,1.28E-06,1.28E-06,0.061925854,0.057703724,1.28E-06,1.28E-06,1.28E-06,1.28E-06,1.28E-06,1.28E-06,1.28E-06,1.28E-06,1.28E-06,1.28E-06,1.28E-06,1.28E-06,1.28E-06,1.28E-06,1.28E-06,1.28E-06,0.17566748,1.28E-06,1.28E-06,0.044525561,1.28E-06,1.28E-06,1.28E-06,1.28E-06,1.28E-06,1.28E-06,1.28E-06,1.28E-06,1.28E-06,1.28E-06,1.28E-06,1.28E-06,1.28E-06,1.28E-06,1.28E-06,1.28E-06,1.28E-06,1.28E-06,1.28E-06,1.28E-06,1.28E-06,1.28E-06,1.28E-06,1.28E-06,1.28E-06,1.28E-06,1.28E-06,1.28E-06,1.28E-06,1.28E-06,1.28E-06,1.28E-06,1.28E-06,1.28E-06,1.28E-06,1.28E-06,1.28E-06,1.28E-06,1.28E-06,1.28E-06,0.005886673,1.28E-06,1.28E-06,1.28E-06,1.28E-06,1.28E-06,1.28E-06,1.28E-06,1.28E-06,1.28E-06,1.28E-06,1.28E-06,1.28E-06,1.28E-06,0.000257166,1.28E-06,0.058983158,1.28E-06,1.28E-06,1.28E-06,1.28E-06,1.28E-06,1.28E-06,1.28E-06,1.28E-06,1.28E-06,1.28E-06,1.28E-06,1.28E-06,1.28E-06,1.28E-06,1.28E-06,1.28E-06,1.28E-06,1.28E-06,1.28E-06,1.28E-06,1.28E-06,1.28E-06,1.28E-06,1.28E-06,1.28E-06,1.28E-06,1.28E-06,1.28E-06,1.28E-06,1.28E-06,1.28E-06,1.28E-06,1.28E-06,1.28E-06,1.28E-06,1.28E-06,1.28E-06,1.28E-06,1.28E-06,1.28E-06,1.28E-06,1.28E-06,1.28E-06,1.28E-06,1.28E-06,1.28E-06,1.28E-06,1.28E-06,1.28E-06,1.28E-06,1.28E-06,1.28E-06,1.28E-06,1.28E-06,1.28E-06,1.28E-06,1.28E-06,1.28E-06,1.28E-06,1.28E-06,1.28E-06,1.28E-06,1.28E-06,1.28E-06,1.28E-06,1.28E-06,1.28E-06,1.28E-06,1.28E-06,0.000129223,1.28E-06,1.28E-06,1.28E-06,1.28E-06,0.164280523,1.28E-06,1.28E-06,1.28E-06,1.28E-06,1.28E-06,1.28E-06,1.28E-06,1.28E-06,1.28E-06,1.28E-06,1.28E-06,1.28E-06,1.28E-06,1.28E-06,1.28E-06,1.28E-06,1.28E-06,1.28E-06,1.28E-06,1.28E-06,0.085211542,1.28E-06,1.28E-06,1.28E-06,0.055144857,0.00844554,1.28E-06,1.28E-06,1.28E-06,1.28E-06,1.28E-06,0.00575873,1.28E-06,1.28E-06,0.000129223,1.28E-06,1.28E-06,1.28E-06,1.28E-06,1.28E-06,1.28E-06,1.28E-06,0.037488677,1.28E-06,1.28E-06,1.28E-06,1.28E-06,1.28E-06,1.28E-06,1.28E-06,1.28E-06,0.100308855,1.28E-06,1.28E-06,1.28E-06,1.28E-06,1.28E-06,1.28E-06,1.28E-06,1.28E-06,1.28E-06,1.28E-06,1.28E-06,1.28E-06,1.28E-06,0.00729405,1.28E-06,1.28E-06,1.28E-06,1.28E-06,0.001792486,0.055656631,1.28E-06,1.28E-06,1.28E-06,0.001408656,1.28E-06,1.28E-06,1.28E-06,1.28E-06,0.071137775,1.28E-06,1.28E-06,1.28E-06,1.28E-06,1.28E-06,1.28E-06,1.28E-06,1.28E-06,1.28E-06,1.28E-06,1.28E-06,1.28E-06,1.28E-06,1.28E-06,1.28E-06,1.28E-06,1.28E-06,1.28E-06,1.28E-06,1.28E-06,1.28E-06,1.28E-06,1.28E-06,1.28E-06,1.28E-06,1.28E-06,1.28E-06,1.28E-06,1.28E-06,1.28E-06
LDA14Topic10,8.85E-07,8.85E-07,8.85E-07,8.85E-07,8.85E-07,8.85E-07,8.85E-07,8.85E-07,8.85E-07,8.85E-07,8.85E-07,8.85E-07,8.85E-07,8.85E-07,8.85E-07,8.85E-07,8.85E-07,8.85E-07,8.85E-07,8.85E-07,8.85E-07,8.85E-07,8.85E-07,8.85E-07,8.85E-07,8.85E-07,8.85E-07,8.85E-07,8.85E-07,8.85E-07,8.85E-07,8.85E-07,8.85E-07,8.85E-07,8.85E-07,8.85E-07,8.85E-07,8.85E-07,8.85E-07,8.85E-07,8.85E-07,8.85E-07,8.85E-07,8.85E-07,8.85E-07,8.85E-07,8.85E-07,8.85E-07,8.85E-07,8.85E-07,8.85E-07,8.85E-07,8.85E-07,8.85E-07,8.85E-07,8.85E-07,8.85E-07,8.85E-07,0.048563639,8.85E-07,8.85E-07,8.85E-07,8.85E-07,8.85E-07,0.017515321,8.85E-07,8.85E-07,8.85E-07,0.056259376,8.85E-07,8.85E-07,8.85E-07,8.85E-07,8.85E-07,8.85E-07,8.85E-07,8.85E-07,8.85E-07,8.85E-07,8.85E-07,8.85E-07,8.85E-07,8.85E-07,8.85E-07,8.85E-07,8.85E-07,8.85E-07,8.85E-07,8.85E-07,8.85E-07,8.85E-07,8.85E-07,8.85E-07,8.85E-07,8.85E-07,8.85E-07,8.85E-07,8.85E-07,8.85E-07,8.85E-07,8.85E-07,8.85E-07,8.85E-07,8.85E-07,8.85E-07,8.85E-07,8.85E-07,8.85E-07,0.157100069,8.85E-07,8.85E-07,8.85E-07,8.85E-07,8.85E-07,8.85E-07,8.85E-07,8.85E-07,8.85E-07,8.85E-07,8.85E-07,8.85E-07,8.85E-07,8.85E-07,8.85E-07,0.182840983,8.85E-07,8.85E-07,8.85E-07,8.85E-07,8.85E-07,0.005131376,8.85E-07,8.85E-07,8.85E-07,8.85E-07,8.85E-07,8.85E-07,8.85E-07,8.85E-07,8.85E-07,8.85E-07,8.85E-07,8.85E-07,8.85E-07,8.85E-07,8.85E-07,8.85E-07,8.85E-07,8.85E-07,8.85E-07,8.85E-07,8.85E-07,8.85E-07,8.85E-07,8.85E-07,8.85E-07,8.85E-07,8.85E-07,8.85E-07,8.85E-07,8.85E-07,8.93E-05,8.85E-07,8.85E-07,8.85E-07,8.85E-07,8.85E-07,8.85E-07,8.85E-07,8.85E-07,8.85E-07,8.85E-07,8.85E-07,8.85E-07,8.85E-07,8.85E-07,8.85E-07,8.85E-07,8.85E-07,8.85E-07,8.85E-07,8.85E-07,8.85E-07,8.85E-07,0.219019793,8.85E-07,8.85E-07,8.85E-07,8.85E-07,8.85E-07,8.85E-07,8.85E-07,8.85E-07,8.85E-07,8.85E-07,8.85E-07,8.85E-07,8.85E-07,8.85E-07,8.85E-07,8.85E-07,8.85E-07,8.85E-07,8.85E-07,8.85E-07,0.195667212,8.85E-07,8.85E-07,8.85E-07,8.85E-07,8.85E-07,0.001239279,8.85E-07,8.85E-07,8.85E-07,8.85E-07,8.85E-07,8.85E-07,8.85E-07,8.85E-07,8.85E-07,8.85E-07,8.85E-07,8.85E-07,8.85E-07,8.85E-07,8.85E-07,8.85E-07,8.85E-07,8.85E-07,8.85E-07,8.85E-07,8.85E-07,8.85E-07,8.85E-07,8.85E-07,8.85E-07,8.85E-07,8.85E-07,8.85E-07,8.85E-07,8.85E-07,8.85E-07,8.85E-07,8.85E-07,0.116321508,8.85E-07,8.85E-07,8.85E-07,8.85E-07,8.85E-07,8.85E-07,8.85E-07,8.85E-07,8.85E-07,8.85E-07,8.85E-07,8.85E-07,8.85E-07,8.85E-07,8.85E-07,8.85E-07,8.85E-07,8.85E-07,8.85E-07,8.85E-07,8.85E-07,8.85E-07,8.85E-07,8.85E-07,8.85E-07,8.85E-07,8.85E-07,8.85E-07,8.85E-07,8.85E-07,8.85E-07,8.85E-07,8.85E-07,8.85E-07,8.85E-07,8.85E-07,8.85E-07,8.85E-07,8.85E-07,8.85E-07,8.85E-07,8.85E-07,8.85E-07,8.85E-07,8.85E-07,8.85E-07,8.85E-07,8.85E-07,8.85E-07,8.85E-07
LDA17Topic7,8.70E-07,8.70E-07,8.70E-07,8.70E-07,8.70E-07,8.70E-07,8.70E-07,8.70E-07,8.70E-07,8.70E-07,8.70E-07,8.70E-07,8.70E-07,8.70E-07,8.70E-07,8.70E-07,8.70E-07,8.70E-07,8.70E-07,8.70E-07,8.70E-07,8.70E-07,8.70E-07,8.70E-07,8.70E-07,8.70E-07,8.70E-07,8.70E-07,8.70E-07,8.70E-07,8.70E-07,8.70E-07,8.70E-07,8.70E-07,8.70E-07,8.70E-07,8.70E-07,8.70E-07,8.70E-07,8.70E-07,8.70E-07,8.70E-07,8.70E-07,8.70E-07,8.70E-07,8.70E-07,8.70E-07,8.70E-07,8.70E-07,8.70E-07,8.70E-07,8.70E-07,8.70E-07,8.70E-07,8.70E-07,8.70E-07,8.70E-07,8.70E-07,8.70E-07,8.70E-07,8.70E-07,8.70E-07,8.70E-07,8.70E-07,0.002002792,8.70E-07,8.70E-07,8.70E-07,8.70E-07,8.70E-07,0.271652961,8.70E-07,8.70E-07,8.70E-07,8.70E-07,8.70E-07,8.70E-07,8.70E-07,8.70E-07,8.70E-07,8.70E-07,8.70E-07,8.70E-07,8.70E-07,8.70E-07,8.70E-07,8.70E-07,0.051963798,8.70E-07,8.70E-07,8.70E-07,8.70E-07,8.70E-07,8.70E-07,8.70E-07,8.70E-07,8.70E-07,8.70E-07,8.70E-07,8.70E-07,8.70E-07,8.70E-07,8.70E-07,8.70E-07,8.70E-07,8.70E-07,8.70E-07,8.70E-07,8.70E-07,8.70E-07,8.70E-07,8.70E-07,8.70E-07,8.70E-07,8.70E-07,8.70E-07,8.70E-07,8.70E-07,8.70E-07,8.70E-07,8.70E-07,8.70E-07,8.70E-07,8.70E-07,8.70E-07,8.70E-07,8.70E-07,8.70E-07,8.70E-07,8.70E-07,8.70E-07,8.70E-07,8.70E-07,8.70E-07,8.70E-07,8.70E-07,8.70E-07,8.70E-07,8.70E-07,8.70E-07,8.70E-07,8.70E-07,8.70E-07,8.70E-07,8.70E-07,8.70E-07,8.70E-07,8.70E-07,8.70E-07,8.70E-07,8.70E-07,8.70E-07,8.70E-07,8.70E-07,8.70E-07,8.70E-07,8.70E-07,8.70E-07,8.70E-07,8.70E-07,8.70E-07,8.70E-07,8.70E-07,8.70E-07,8.79E-05,8.70E-07,8.70E-07,8.79E-05,8.70E-07,8.70E-07,8.70E-07,8.70E-07,8.70E-07,0.012099442,8.70E-07,8.70E-07,8.70E-07,8.70E-07,8.70E-07,8.70E-07,8.70E-07,8.70E-07,8.70E-07,8.70E-07,0.403431642,8.70E-07,8.70E-07,8.70E-07,8.70E-07,8.70E-07,8.70E-07,8.70E-07,8.70E-07,8.70E-07,8.70E-07,8.70E-07,8.70E-07,8.70E-07,8.70E-07,8.70E-07,8.70E-07,8.70E-07,8.70E-07,8.70E-07,8.70E-07,0.046828434,8.70E-07,8.70E-07,8.70E-07,8.70E-07,8.70E-07,8.70E-07,8.70E-07,8.70E-07,8.70E-07,8.70E-07,8.70E-07,8.70E-07,8.70E-07,8.70E-07,8.70E-07,8.70E-07,8.70E-07,8.70E-07,8.79E-05,8.70E-07,8.70E-07,8.70E-07,8.70E-07,8.70E-07,8.70E-07,8.70E-07,8.70E-07,0.211508265,8.70E-07,8.70E-07,8.70E-07,8.70E-07,8.70E-07,8.70E-07,8.70E-07,8.70E-07,8.70E-07,8.70E-07,8.70E-07,8.70E-07,8.70E-07,8.70E-07,8.70E-07,8.70E-07,8.70E-07,8.70E-07,8.70E-07,8.70E-07,8.70E-07,8.70E-07,8.70E-07,8.70E-07,8.70E-07,8.70E-07,8.70E-07,8.70E-07,8.70E-07,8.70E-07,8.70E-07,8.70E-07,8.70E-07,8.70E-07,8.70E-07,8.70E-07,8.70E-07,8.70E-07,8.70E-07,8.70E-07,8.70E-07,8.70E-07,8.70E-07,8.70E-07,8.70E-07,8.70E-07,8.70E-07,8.70E-07,8.70E-07,8.70E-07,8.70E-07,8.70E-07,8.70E-07,8.70E-07,8.70E-07,8.70E-07,8.70E-07,8.70E-07,8.70E-07,8.70E-07,8.70E-07,8.70E-07
LDA17Topic12,1.47E-06,1.47E-06,1.47E-06,1.47E-06,1.47E-06,1.47E-06,1.47E-06,1.47E-06,1.47E-06,1.47E-06,1.47E-06,1.47E-06,1.47E-06,1.47E-06,1.47E-06,1.47E-06,1.47E-06,1.47E-06,1.47E-06,1.47E-06,1.47E-06,1.47E-06,1.47E-06,1.47E-06,1.47E-06,1.47E-06,1.47E-06,1.47E-06,1.47E-06,1.47E-06,1.47E-06,1.47E-06,1.47E-06,1.47E-06,1.47E-06,1.47E-06,1.47E-06,1.47E-06,1.47E-06,1.47E-06,1.47E-06,1.47E-06,1.47E-06,1.47E-06,1.47E-06,1.47E-06,1.47E-06,0.000587635,1.47E-06,1.47E-06,1.47E-06,1.47E-06,1.47E-06,1.47E-06,1.47E-06,1.47E-06,1.47E-06,1.47E-06,1.47E-06,0.012604118,1.47E-06,1.47E-06,1.47E-06,1.47E-06,1.47E-06,1.47E-06,1.47E-06,1.47E-06,1.47E-06,1.47E-06,1.47E-06,1.47E-06,1.47E-06,1.47E-06,1.47E-06,1.47E-06,0.078255148,1.47E-06,1.47E-06,1.47E-06,1.47E-06,1.47E-06,1.47E-06,1.47E-06,1.47E-06,1.47E-06,1.47E-06,1.47E-06,1.47E-06,1.47E-06,1.47E-06,1.47E-06,1.47E-06,1.47E-06,1.47E-06,1.47E-06,1.47E-06,1.47E-06,1.47E-06,1.47E-06,1.47E-06,1.47E-06,1.47E-06,1.47E-06,1.47E-06,1.47E-06,1.47E-06,0.00029455,1.47E-06,1.47E-06,1.47E-06,1.47E-06,1.47E-06,1.47E-06,1.47E-06,1.47E-06,1.47E-06,1.47E-06,1.47E-06,0.043084954,1.47E-06,1.47E-06,1.47E-06,1.47E-06,1.47E-06,1.47E-06,1.47E-06,1.47E-06,1.47E-06,1.47E-06,1.47E-06,1.47E-06,0.000587635,1.47E-06,1.47E-06,1.47E-06,1.47E-06,1.47E-06,1.47E-06,1.47E-06,1.47E-06,1.47E-06,0.012750661,1.47E-06,0.01919853,1.47E-06,1.47E-06,1.47E-06,1.47E-06,1.47E-06,1.47E-06,1.47E-06,1.47E-06,1.47E-06,0.001320348,1.47E-06,1.47E-06,1.47E-06,1.47E-06,1.47E-06,1.47E-06,1.47E-06,1.47E-06,1.47E-06,1.47E-06,1.47E-06,1.47E-06,1.47E-06,1.47E-06,1.47E-06,1.47E-06,1.47E-06,1.47E-06,1.47E-06,1.47E-06,1.47E-06,1.47E-06,1.47E-06,1.47E-06,1.47E-06,1.47E-06,1.47E-06,1.47E-06,1.47E-06,0.30143934,1.47E-06,1.47E-06,0.000148008,1.47E-06,1.47E-06,1.47E-06,1.47E-06,1.47E-06,1.47E-06,1.47E-06,1.47E-06,1.47E-06,1.47E-06,1.47E-06,1.47E-06,1.47E-06,0.037662882,1.47E-06,1.47E-06,1.47E-06,0.180688339,0.000148008,1.47E-06,1.47E-06,1.47E-06,1.47E-06,1.47E-06,1.47E-06,1.47E-06,1.47E-06,1.47E-06,1.47E-06,1.47E-06,1.47E-06,0.014362628,1.47E-06,1.47E-06,1.47E-06,0.0032254,1.47E-06,1.47E-06,1.47E-06,1.47E-06,1.47E-06,1.47E-06,1.47E-06,1.47E-06,1.47E-06,1.47E-06,1.47E-06,1.47E-06,1.47E-06,1.47E-06,1.47E-06,1.47E-06,1.47E-06,1.47E-06,1.47E-06,1.47E-06,1.47E-06,1.47E-06,1.47E-06,1.47E-06,1.47E-06,1.47E-06,1.47E-06,1.47E-06,1.47E-06,1.47E-06,1.47E-06,1.47E-06,1.47E-06,1.47E-06,1.47E-06,1.47E-06,1.47E-06,0.003371942,1.47E-06,0.00029455,1.47E-06,1.47E-06,0.000587635,1.47E-06,1.47E-06,0.279164884,1.47E-06,1.47E-06,1.47E-06,1.47E-06,1.47E-06,1.47E-06,1.47E-06,1.47E-06,1.47E-06,0.009819811,1.47E-06,1.47E-06,1.47E-06,1.47E-06,1.47E-06,1.47E-06,1.47E-06,1.47E-06,1.47E-06,1.47E-06,1.47E-06,1.47E-06,1.47E-06,1.47E-06,1.47E-06,1.47E-06
LDA19Topic15,6.21E-07,6.21E-07,6.21E-07,6.21E-07,6.21E-07,6.21E-07,6.21E-07,6.21E-07,6.21E-07,6.21E-07,6.21E-07,6.21E-07,6.21E-07,6.21E-07,6.21E-07,6.21E-07,6.21E-07,6.21E-07,6.21E-07,6.21E-07,6.21E-07,6.21E-07,6.21E-07,6.21E-07,6.21E-07,6.21E-07,6.21E-07,6.21E-07,6.21E-07,6.21E-07,6.21E-07,6.21E-07,6.21E-07,6.21E-07,6.21E-07,6.21E-07,6.21E-07,6.21E-07,6.21E-07,6.21E-07,6.21E-07,6.21E-07,6.21E-07,6.21E-07,6.21E-07,6.21E-07,6.21E-07,6.21E-07,6.21E-07,6.21E-07,6.21E-07,6.21E-07,6.21E-07,6.21E-07,6.21E-07,6.21E-07,6.21E-07,6.21E-07,6.21E-07,6.21E-07,6.21E-07,6.21E-07,6.21E-07,6.21E-07,6.21E-07,6.21E-07,6.21E-07,6.21E-07,6.21E-07,6.21E-07,6.21E-07,6.21E-07,6.21E-07,6.21E-07,6.21E-07,6.21E-07,6.21E-07,6.21E-07,6.21E-07,6.21E-07,6.21E-07,6.21E-07,6.21E-07,6.21E-07,6.21E-07,6.21E-07,6.21E-07,6.21E-07,6.21E-07,6.21E-07,6.21E-07,6.21E-07,6.21E-07,6.21E-07,6.27E-05,6.21E-07,6.21E-07,6.21E-07,6.21E-07,6.21E-07,6.21E-07,6.21E-07,6.21E-07,6.21E-07,0.149193538,6.21E-07,6.21E-07,6.21E-07,6.21E-07,6.21E-07,6.21E-07,6.21E-07,6.21E-07,6.21E-07,6.21E-07,6.21E-07,6.21E-07,6.21E-07,6.21E-07,6.21E-07,6.21E-07,6.21E-07,6.21E-07,6.21E-07,6.21E-07,6.21E-07,6.21E-07,6.21E-07,6.21E-07,6.27E-05,6.21E-07,6.21E-07,6.21E-07,6.21E-07,6.21E-07,0.082609522,6.21E-07,6.21E-07,6.21E-07,6.21E-07,6.21E-07,6.21E-07,6.21E-07,6.21E-07,6.21E-07,6.21E-07,6.21E-07,6.21E-07,6.21E-07,6.21E-07,6.21E-07,6.21E-07,6.21E-07,6.21E-07,6.21E-07,6.21E-07,6.21E-07,6.21E-07,6.21E-07,6.21E-07,6.21E-07,6.21E-07,6.21E-07,6.21E-07,6.21E-07,6.21E-07,6.21E-07,6.21E-07,6.21E-07,6.21E-07,6.21E-07,6.21E-07,6.21E-07,6.21E-07,6.21E-07,6.21E-07,6.21E-07,6.21E-07,6.21E-07,6.21E-07,6.21E-07,6.21E-07,6.21E-07,6.21E-07,0.749505589,6.21E-07,6.21E-07,6.21E-07,6.21E-07,6.21E-07,6.21E-07,0.01838576,6.21E-07,6.21E-07,6.21E-07,6.21E-07,6.21E-07,6.21E-07,6.21E-07,6.21E-07,6.21E-07,6.21E-07,6.21E-07,6.21E-07,6.21E-07,6.21E-07,6.21E-07,6.21E-07,6.21E-07,6.21E-07,6.21E-07,6.21E-07,6.21E-07,6.21E-07,6.21E-07,6.21E-07,6.21E-07,6.21E-07,6.21E-07,6.21E-07,6.21E-07,6.21E-07,6.21E-07,6.21E-07,6.21E-07,6.21E-07,6.21E-07,6.21E-07,6.21E-07,6.21E-07,6.21E-07,6.21E-07,6.21E-07,6.21E-07,6.21E-07,6.21E-07,6.21E-07,6.21E-07,6.21E-07,6.21E-07,6.21E-07,6.21E-07,6.21E-07,6.21E-07,6.21E-07,6.21E-07,6.21E-07,6.21E-07,6.21E-07,6.21E-07,6.21E-07,6.21E-07,6.21E-07,6.21E-07,6.21E-07,6.21E-07,6.21E-07,6.21E-07,6.21E-07,6.21E-07,6.21E-07,6.21E-07,6.21E-07,6.21E-07,6.21E-07,6.21E-07,6.21E-07,6.21E-07,6.21E-07,6.21E-07,6.21E-07,6.21E-07,6.21E-07,6.21E-07,6.21E-07,6.21E-07,6.21E-07,6.21E-07,6.21E-07,6.21E-07,6.21E-07,6.21E-07,6.21E-07,6.21E-07,6.21E-07,6.21E-07,6.21E-07,6.21E-07,6.21E-07,6.21E-07,6.21E-07,6.21E-07,6.21E-07,6.21E-07,6.21E-07,6.21E-07